{"epoch": 0, "cur_step": 231, "loss": 0.04189461097121239, "recon_loss": 0.022690298035740852, "commit_loss": 0.019204312935471535, "_timestamp": 1725000800.1949637, "_runtime": 275.47878766059875, "_step": 231, "_wandb": {"runtime": 278}}