{"epoch": 4, "cur_step": 94, "loss": 0.04342075437307358, "recon_loss": 0.022531164810061455, "commit_loss": 0.020889587700366974, "_timestamp": 1725001544.7284837, "_runtime": 669.8709967136383, "_step": 474, "_wandb": {"runtime": 697}}